scorer,DLC_resnet50_Cat_videoFeb2shuffle1_50000,DLC_resnet50_Cat_videoFeb2shuffle1_50000,DLC_resnet50_Cat_videoFeb2shuffle1_50000,DLC_resnet50_Cat_videoFeb2shuffle1_50000,DLC_resnet50_Cat_videoFeb2shuffle1_50000,DLC_resnet50_Cat_videoFeb2shuffle1_50000,DLC_resnet50_Cat_videoFeb2shuffle1_50000,DLC_resnet50_Cat_videoFeb2shuffle1_50000,DLC_resnet50_Cat_videoFeb2shuffle1_50000,DLC_resnet50_Cat_videoFeb2shuffle1_50000,DLC_resnet50_Cat_videoFeb2shuffle1_50000,DLC_resnet50_Cat_videoFeb2shuffle1_50000
bodyparts,leftear,leftear,leftear,rightear,rightear,rightear,paw,paw,paw,nose,nose,nose
coords,x,y,likelihood,x,y,likelihood,x,y,likelihood,x,y,likelihood
0,197.4687042236328,307.3924255371094,0.9999485015869141,384.5608825683594,361.6717529296875,0.9989237189292908,201.0243682861328,315.6468505859375,0.014281343668699265,241.7065887451172,515.1101684570312,0.9999561309814453
1,195.76323206897138,306.8403053352404,0.9997321963310242,384.0128589649594,361.4686192310385,0.9991703033447266,191.02664223159158,310.672076973928,0.012775378301739693,233.39381058276874,514.9304647440129,0.9999207258224487
2,196.97471607875906,309.4968678987859,0.9994737505912781,387.97283502755033,367.13596293960836,0.9993844032287598,273.75391756984146,529.7774267126644,0.010466177016496658,240.2059897795298,521.201592396818,0.999249279499054
3,198.0435215639616,314.06420448000836,0.9999043941497803,392.0786064416161,370.5820390792713,0.9977450966835022,311.03431297327825,407.96215370030416,0.01328484620898962,243.64067280203005,524.9213373374886,0.9998237490653992
4,198.01471648902293,320.16892704566897,0.9998186230659485,395.34707162582976,378.6430643636389,0.9992057681083679,332.49554046347356,333.4714534340698,0.010982772335410118,246.4153836437167,533.1045055104561,0.9994723200798035
5,194.0291820067905,330.1324914084369,0.9999575614929199,394.8703650882521,390.0647542656912,0.9984556436538696,363.7174300113519,424.7876775708551,0.015344953164458275,248.68753435424483,543.8500619898393,0.9998286962509155
6,193.36486626276871,345.45834678439803,0.9998486042022705,393.82619317166245,399.81993071848717,0.9999306201934814,287.17057525329597,471.799842714,0.010549583472311497,249.03757975272353,555.0667922952372,0.999964714050293
7,185.153070858917,359.76800585937707,0.9998800754547119,390.11208103714756,408.7124173921077,0.9994800686836243,349.44079062924675,439.11346475357135,0.006815273314714432,246.99088561977885,562.635304422489,0.9999431371688843
8,181.00114644449127,369.5940133038434,0.999919056892395,383.61988571629803,417.2240084135887,0.9995895028114319,240.2278083191607,339.0570988145647,0.008565915748476982,243.91243798415184,573.2096011186964,0.9998983144760132
9,176.5607379612505,379.74605978839344,0.9998711347579956,379.98880353483264,433.58177577420645,0.9992460012435913,251.88964014285725,552.462691440185,0.016973793506622314,240.83584416796614,587.2251288648234,0.9999330043792725
10,173.57545661900127,394.7459159980833,0.999862790107727,376.5703005843667,451.0682564632295,0.9997430443763733,244.46690459252252,520.7227193906415,0.008603955619037151,236.2488361214671,602.644495956227,0.9999715089797974
11,173.88661419765313,409.61311307692046,0.9999610185623169,376.46566104931884,464.21887716722784,0.999675989151001,205.50953730778127,556.2692211364788,0.016031546518206596,231.05168643187625,614.3589990992962,0.9998883008956909
12,174.60415646317765,416.576185002871,0.9999158382415771,379.77176625020223,469.0871672503044,0.9999290704727173,242.1647635323694,536.6479789896675,0.007947364822030067,229.22004439099211,620.6956668837179,0.9998406171798706
13,184.05281545111472,415.5037500145526,0.999891996383667,387.2624913624445,476.12482436879833,0.99843829870224,288.3725294599117,477.96539251588905,0.011501234024763107,230.90515476992047,625.7719704336469,0.9999761581420898
14,184.78749143096664,411.06176690889447,0.9999756813049316,395.4908143698669,479.91761457678626,0.9996955394744873,251.1193623276004,555.2066954000469,0.009393197484314442,232.19960841245867,628.4357873802725,0.9999071359634399
15,192.68240220261043,405.18046025464986,0.9994115829467773,404.195251499683,477.52854170283234,0.9984275102615356,233.67968906266123,479.51926014567823,0.009792218916118145,231.5193871421289,626.1882735801195,0.9997941851615906
16,204.1762090921151,395.79909814654246,0.9998956918716431,415.93663787286454,474.54805472185035,0.9996893405914307,338.0083848623797,441.52127173412316,0.010891801677644253,232.13576170192945,619.8594447667948,0.9998730421066284
17,212.13256899844652,386.17086699961123,0.999957799911499,426.8419642367351,473.18965896165764,0.999218225479126,306.45957810968065,522.7597967642625,0.009645109064877033,236.61580116265046,617.3355382695569,0.999576985836029
18,222.90088531515994,383.1588365979449,0.9999105930328369,438.8629627675629,475.9968067613381,0.9985889792442322,305.5678205325023,554.294639444109,0.013213074766099453,243.5128004772316,620.6291084985504,0.9999514818191528
19,232.94795362225264,386.1035745742561,0.9999676942825317,450.15016084613535,477.0046455652261,0.9999121427536011,365.779939007148,520.0093746818176,0.009545035660266876,250.63285240820576,621.0974912308194,0.9998655319213867
20,242.1930930172185,389.22260289400214,0.9999253749847412,458.9052389363345,479.23076673637297,0.9980766773223877,375.2037330674335,449.36126549400274,0.00833686999976635,257.45485891950767,621.6508511233176,0.9999314546585083
21,248.87780435370126,389.07995756374123,0.9999470710754395,467.01827769314764,476.85197188160527,0.9993665814399719,388.3188446439883,519.2823288300559,0.009684373624622822,265.7630525885209,617.4487783748502,0.9998937845230103
22,261.8065844548622,387.1284376119628,0.9999135732650757,477.57667384260526,472.692339009692,0.9995715022087097,349.5981518147233,409.1467126823569,0.011524030938744545,277.17265096827606,616.8391085800187,0.9997329115867615
23,275.4083717816975,383.1409388004759,0.9987209439277649,490.6292488792622,471.07337467683294,0.999836802482605,310.7044708514966,458.43513718751547,0.10248427093029022,288.8009600105558,615.4398960936301,0.9999066591262817
24,294.6706775324182,377.2883815460761,0.9999128580093384,509.04583852812027,466.35637795524843,0.9998844861984253,332.19420484676044,603.7637741784956,0.7605509757995605,301.15371557317155,610.8418667095843,0.9999319314956665
25,314.23505741100604,368.7414964829942,0.9999266862869263,533.2370357737229,455.6965086139001,0.9999474287033081,256.528734195307,625.5102348271762,0.9913783073425293,317.52276733575445,602.7272591135052,0.9998842477798462
26,332.1882975162698,358.49849777694806,0.999688982963562,557.1588785797219,449.42855794193997,0.9998613595962524,290.81780471732316,548.1930730971394,0.9833143949508667,336.6520139063603,594.6735715222078,0.9999676942825317
27,342.77041270120174,345.16613920100565,0.9993745684623718,577.3935982871617,441.966253731471,0.9997550845146179,252.69077571320238,623.9675391667109,0.9982618689537048,351.9567794050331,587.8977585928731,0.9999237060546875
28,357.3218251423413,335.05307908278905,0.9998602867126465,592.8493488603633,442.85046156381725,0.9999641180038452,271.47415009618726,580.9967501310953,0.9965279698371887,361.3099123712712,583.9456124682204,0.9999909400939941
29,362.97227027648785,336.5050989224852,0.999860405921936,599.3617396684681,451.5078850305201,0.9999792575836182,264.0089667535973,645.7562798440996,0.9995983242988586,367.4780259178989,593.4939620401462,0.9999333620071411
30,365.5350773024332,353.49726094484015,0.9998611211776733,596.1087188620788,472.063933711516,0.9997954964637756,277.3930737268639,614.0045260507565,0.998072624206543,371.49971156466285,607.272597180989,0.9998416900634766
31,363.76911406969674,381.53434269562035,0.9998626708984375,586.204177145814,496.19149460132195,0.9997153878211975,266.07604080146257,666.6327161176182,0.9413478970527649,371.93599687769216,625.2502645722037,0.9996384382247925
32,357.0635879365149,410.9832471101995,0.9996978044509888,570.6390566209519,516.2824691927577,0.9998230338096619,265.46105262919065,638.8537898377489,0.48391586542129517,365.45404275968883,640.4148174593931,0.9999734163284302
33,348.98518625649285,431.98969139358553,0.9994717240333557,553.5858949442046,526.4488555523756,0.9993152618408203,252.19764631066127,679.8679141423354,0.05873248726129532,356.25421406271767,650.6080169183082,0.9997584223747253
34,343.0383268800934,440.0112237405005,0.999728262424469,537.786181681465,532.1323216931373,0.9999605417251587,259.2601654159095,659.408148761432,0.0120078194886446,349.4217220317588,662.4940040993412,0.9991422891616821
35,337.32953326558857,446.27246116447407,0.9996153116226196,527.8813419121869,538.1212030867678,0.9996882677078247,292.21775498920107,528.9355205400627,0.31177160143852234,345.6455457627105,672.4034107208943,0.9998573064804077
36,333.9851627434587,455.14342672661024,0.9998334646224976,524.5824985086574,545.7727440901247,0.9999417066574097,269.1190877250545,698.0212197561367,0.9763786792755127,342.9349439352124,681.8364573020451,0.999948263168335
37,334.78980117805077,459.4623241991743,0.9998761415481567,529.0681760455803,551.7703987671209,0.9998619556427002,265.82193437032595,783.552819262265,0.9979994893074036,340.2453064354523,678.097432549739,0.9998419284820557
38,341.06453203414185,454.67309608202146,0.9999086856842041,541.0713781665345,550.4774510310193,0.9996912479400635,263.4681774566298,697.6114157950811,0.9992877840995789,340.26313605831183,674.2769556220044,0.9996503591537476
39,341.1966786837402,443.49209542515695,0.9998762607574463,554.483878146669,543.8657513549641,0.9998383522033691,244.56564862308903,762.3058716203941,0.9997196793556213,344.32546206096407,665.341736328517,0.9998892545700073
40,343.38362325397645,431.8100109202564,0.9998375177383423,567.2112402529698,532.8618988280377,0.9998598098754883,255.8491946534761,718.3495296274696,0.9987531900405884,348.3093611163074,662.5903361319329,0.9999797344207764
41,356.7708794080461,420.4623353111417,0.6776871085166931,581.8606614306723,523.9098732129918,0.999921441078186,246.9303478320591,772.6594375090389,0.9310699701309204,351.07906967010615,655.9060901187088,0.9999809265136719
42,371.18979937930914,406.16271086764664,0.9991815686225891,598.238817545183,507.41334654933195,0.999935507774353,252.90485356195796,738.5594146523913,0.874291181564331,356.64766493659255,633.1075625962218,0.9999650716781616
43,393.4514530608636,384.66448440769665,0.9997822642326355,615.2545438169029,490.50771533443896,0.9997590184211731,242.8660721671957,786.1356052704509,0.9872938990592957,369.1858329572183,615.6768942795518,0.9999350309371948
44,404.47603862050556,357.48368537959027,0.9998996257781982,632.3463125748186,478.00257180292573,0.9999045133590698,257.4548760899373,696.3416334065187,0.9828528761863708,384.4745669138092,602.108910193924,0.9999487400054932
45,417.047013056239,336.5169128825174,0.9997645020484924,646.046825491599,477.0564148449984,0.9999102354049683,258.2308692300046,714.5753995963145,0.9874617457389832,395.7099623325482,600.8172996006365,0.9998716115951538
46,430.2805502782166,329.52930760878115,0.99992835521698,659.2338847851595,483.13913687548035,0.9999139308929443,259.3751367782629,681.7675204803095,0.9912657141685486,400.3581010858098,600.3457115985063,0.9996826648712158
47,439.8693582301905,328.62024976875875,0.9999634027481079,670.2180552604989,486.96128278170113,0.9980887770652771,260.0130925714815,684.7158066522247,0.9989996552467346,404.521059560151,602.9032387906344,0.9999028444290161
48,452.67396640262206,329.56277511783384,0.9993693232536316,674.332090303489,491.6311167911384,0.9970859885215759,260.50826850058627,648.8178973610231,0.998996913433075,411.8771680352755,605.0226822683064,0.9998213648796082
49,454.65479490524757,328.9477974215153,0.9999539852142334,672.9164644459485,490.83648824005957,0.9950816631317139,250.58034111963454,669.3001071137309,0.9841440916061401,418.4218761685079,602.9177668424417,0.9997237324714661
50,462.82995560184156,324.7327930708655,0.999836802482605,669.433609598388,489.1274229560116,0.9954959154129028,251.16185224853123,699.5209862578536,0.9905750155448914,420.3961705244592,604.5134554752702,0.9999669790267944
51,458.21359060601884,323.4738623828622,0.9998053908348083,665.2681999570742,494.3396858599752,0.9811347723007202,251.21896557677584,724.3705502136722,0.9884976148605347,419.52967764581206,607.6961193986363,0.9998748302459717
52,451.2198137643464,335.06667418808036,0.9996058344841003,660.9614327888372,511.2633649287366,0.9540637135505676,245.471338472348,763.7830974315106,0.9924989342689514,418.0903803786232,623.8006867711449,0.9998562335968018
53,444.96600199002364,359.12293344680734,0.9996117949485779,656.8246929108051,531.6280816387816,0.9873381853103638,245.34488461879906,782.6733838430711,0.9490790367126465,413.6629386742963,638.0239448317284,0.9999662637710571
54,437.4064473937469,386.73069192208675,0.9998916387557983,649.7767984823911,554.5668415772004,0.9929457306861877,244.09200789163697,767.6508217007134,0.07275094091892242,404.21674825657016,653.9672651279692,0.9997738003730774
55,427.75639550939104,414.0625886008824,0.9998950958251953,639.8283054875507,575.4319547536087,0.050198912620544434,239.33211385649048,796.6025315224117,0.047127626836299896,394.02672158829347,673.4677185921892,0.9998213648796082
56,420.60824939417677,440.42609251826104,0.9999114274978638,627.5220813983706,601.1643782656216,0.016666900366544724,236.8798337115557,793.6921768730526,0.006456995382905006,387.6521890123048,690.8374005999034,0.9992319345474243
57,410.39262121494363,466.9951198307068,0.999915599822998,439.00960477432153,738.4964534757341,0.4545428454875946,290.5493061169925,727.9468693724427,0.005075159016996622,382.0885548773424,714.0539726817915,0.9987834095954895
58,401.0097259686874,494.84500069096305,0.9996836185455322,502.91427979571296,662.9511354915937,0.8249613642692566,320.35322254087316,575.328451046397,0.010829664766788483,371.5250467439615,735.6429083665339,0.9980626702308655
59,389.0522292271224,526.7433159235064,0.9844580292701721,533.3340042531654,663.6229476966604,0.944969654083252,343.4792600230553,610.0575990149628,0.00805195327848196,357.2475052001493,764.3405112086036,0.9941421151161194
60,373.85255560725244,561.967589820803,0.9966009855270386,547.8822049657516,696.3144855713367,0.9992396831512451,360.00209450302987,633.9357783579271,0.019468087702989578,343.9450619473593,790.876223131573,0.9944816827774048
61,346.4712010700732,600.2892866075229,0.9999761581420898,539.3268743033481,732.7461464149376,0.99956876039505,292.82980146514376,775.0289888846164,0.08965291827917099,328.7090271373512,818.1737930572214,0.4358498156070709
62,327.4216852517251,630.0566952009407,0.9999282360076904,532.3185648977691,746.9278112404536,0.9998927116394043,282.49584537351,780.9427323399669,0.05124461278319359,311.58894420943847,828.2923771863436,0.9955096244812012
63,324.4225375397354,631.711521260936,0.9999253749847412,528.1771581959719,736.679605830864,0.9999402761459351,250.81736807997723,770.7407064834334,0.9529172778129578,297.1236256796366,837.54646118907,0.9995637536048889
64,329.26105051784464,609.9350075247905,0.9999309778213501,536.9293372379478,723.2566708124085,0.9997846484184265,243.0111923182511,823.929049377913,0.9944316744804382,295.091545613981,825.0366914394829,0.9994425177574158
65,333.5263205372361,583.7360327771199,0.9999498128890991,551.6779324507954,711.9801943707739,0.9997097849845886,247.05116403334992,855.0018414202268,0.9960365891456604,308.0456565960102,823.8210167571023,0.999933123588562
66,310.66712761615753,570.5221093994685,0.9997300505638123,555.0687855694465,716.3431208488072,0.999291181564331,232.0413610120919,915.8957745652698,0.999514102935791,317.5026204467241,822.105494257741,0.9998189806938171
67,295.65932860689696,573.0115339050645,0.9998632669448853,541.3369756973311,714.9125026260449,0.999427080154419,201.948704469554,929.1475342407771,0.9889296889305115,306.86803050293287,828.879586559238,0.9998751878738403
68,281.79442137341255,580.7744300004043,0.7525832056999207,529.9001136264361,720.3232656736355,0.9999620914459229,158.67425234743604,948.0277269872173,0.13030493259429932,283.1155370535459,830.0429078419664,0.999806821346283
69,236.11848351640256,579.7003103787645,0.01259988360106945,503.3320848051966,724.0146527775789,0.9997618794441223,110.45014263987218,956.036736897989,0.006905747577548027,263.48840699178817,826.334442295523,0.999942421913147
70,181.8337120568414,679.9981396362095,0.9996823072433472,459.1028179352293,723.8919507197184,0.9998810291290283,279.0311596918639,784.9047615280862,0.018780501559376717,236.91594740358977,823.0050282939585,0.9997114539146423
71,91.42018074634214,823.1417680655529,0.016077902168035507,409.29830532759297,726.8683345670588,0.9970970153808594,162.35193977646102,822.7502329877086,0.02033269591629505,191.9731265894833,818.8765003915489,0.9998058676719666
72,119.8055762566117,746.1415895157959,0.005542492959648371,341.5031446359745,761.0867549781068,0.9983953833580017,169.26559251226948,887.7618348998932,0.005700085777789354,136.039893276505,840.9175784774519,0.539292573928833
73,308.1622684881548,826.0034915768506,0.020464038476347923,252.13515671771918,835.2245153025721,0.9994673132896423,250.48014401974257,826.1920895431188,0.014276263304054737,84.63121219028882,868.6254124735703,0.24860349297523499
74,160.88619997422066,931.4395532853321,0.020514288917183876,159.7628812134176,919.0898167692753,0.9983673691749573,152.3107585307564,895.1384476125136,0.01300773210823536,43.78403640877605,905.8461754993867,0.018491879105567932
75,104.85805536795765,995.8554275380574,0.016068173572421074,71.5340015081019,984.4835248588349,0.9997822642326355,194.03026832434932,909.8638549094569,0.008129221387207508,35.599585546200515,962.3836840713873,0.02978818118572235
76,32.807416798442084,1022.9094216077463,0.009379369206726551,3.4981670230378277,1022.3276402751404,0.03500404581427574,118.39565444114876,946.5627947264562,0.0007888840045779943,94.07394494963424,995.4456724168556,0.0010592015460133553
77,86.55013810354575,1074.4519058976687,1.1209102012799121e-05,-61.60390171496426,1068.6653791593192,6.654160097241402e-05,140.87668429765247,904.603697646526,1.7074567949748598e-05,89.99660188702981,1068.981319417357,1.9005234207725152e-05
78,92.3642259992059,1114.0113156465711,9.248546120943502e-06,-116.66903165639366,1096.9574950488295,5.369524660636671e-05,122.02726234097598,899.4520321830796,1.4503864804282784e-05,42.487465961154186,1082.3221915624395,1.5954852642607875e-05
79,64.6374216755355,1140.9522853317858,1.0020466106652748e-05,-161.47744414266487,1118.74055826744,5.497827078215778e-05,133.62553349087426,886.6921461600693,1.4689699128211942e-05,27.273912286194257,1102.1053906104548,1.5279465515050106e-05
80,97.07111331633564,1167.7168578129742,1.0834294698724989e-05,-194.30643173969176,1135.933811127728,5.870983295608312e-05,135.36985258062256,898.3181445954345,1.5785361028974876e-05,39.64455855916625,1105.800264309445,1.744901055644732e-05
81,52.88646391477409,1189.8086498961952,1.1959861694776919e-05,-215.08735396429114,1148.7109637067604,6.375394877977669e-05,138.7981895938624,890.7239547495049,1.713454730634112e-05,67.80450844118171,1110.8459488816623,1.9345079635968432e-05
82,64.41175908948073,1208.831448459121,1.4406925401999615e-05,-224.54216413299355,1158.9865121149562,6.772761116735637e-05,134.95594803282407,900.3608996940388,3.2323045161319897e-05,46.91876742382355,1117.1814117451593,2.270983168273233e-05
83,92.84831421491204,1224.7112198539119,1.4214239854482003e-05,-224.15275075773627,1165.8831942555175,7.16631839168258e-05,139.7970442565398,891.1589156287547,2.3369180780719034e-05,25.25465480164942,1112.2308918271465,2.5088791517191567e-05
84,54.55944368071301,1238.44658977825,1.2438832527550403e-05,-215.87576627126717,1171.325304184046,3.189707422279753e-05,136.40318415771344,898.7058509334468,3.795915836235508e-05,43.50528832168123,1119.7771821144813,3.134342114208266e-05
85,80.93205125084178,1249.4169957287695,1.6652580598019995e-05,-201.88785134666676,1174.3893468368867,5.4341468057828024e-05,139.1998957497373,889.7104792653637,4.3901723984163254e-05,62.72225099263892,1113.5283124290838,3.402890797588043e-05
86,77.09635267440906,1258.548128751546,4.756389171234332e-05,-184.37701865003905,1176.570689968796,0.0002307193644810468,136.19524599025542,896.6889183031092,0.00010854172433027998,43.9513773664146,1116.6132095264668,6.590667908312753e-05
87,53.820834469577754,1265.7358244219981,0.00011241146421525627,-165.36959841430905,1177.0773544451197,0.00024176859005820006,138.54507357183783,888.4683971252259,0.0002091082715196535,27.04201456578117,1115.266365591238,0.00012529089872259647
88,86.30360226261034,1271.2368035447282,0.00014009138976689428,-146.6049115866262,1177.0811268353223,0.00039375663618557155,135.7152115669676,894.9840699244506,0.001734626479446888,44.70136401901666,1111.9198028604026,0.00017512947670184076
89,65.68577724124377,1275.2508033414992,0.028375331312417984,-129.45735213299804,1175.8875049874553,0.8176730275154114,37.894934607402234,899.7606544549134,0.03779284656047821,58.813188592085886,1115.2009101990752,0.15928620100021362
90,150.7118652274421,982.8758612877937,0.009224509820342064,190.53261839483767,986.985302809626,0.5529699325561523,105.62213668408975,965.5196227443391,0.00723608210682869,127.19797068330998,985.014576406247,0.028806481510400772
91,217.4526140179047,964.696206155416,0.011609195731580257,222.9189975878045,972.4787869957678,0.5267112851142883,135.68895271825852,958.7987761784345,0.09824950248003006,151.5043197776435,978.7713194658674,0.07630839198827744
92,184.87811785750756,950.9010240936292,0.183421328663826,246.90883909945393,957.0104318696997,0.09556210786104202,161.0286754253186,943.2927147857305,0.030325500294566154,203.40235739242428,952.8415112702044,0.024135060608386993
93,5.484197322863029,905.7397300171798,0.9817675948143005,266.3069112760388,932.8072202530207,0.8939570784568787,211.58390251609217,938.5066115510124,0.05277719348669052,192.5907647259917,869.6331482950733,0.05290408432483673
94,42.96299088635246,850.2661025523927,0.9997312426567078,290.82502483646056,929.1120606162654,0.9544188976287842,220.62899348587803,935.7144410806435,0.09211858361959457,65.38518140329971,876.6334436959027,0.04350302368402481
95,21.11953044340696,847.3492552362501,0.999931812286377,321.18065311416694,926.7968604204185,0.9999167919158936,263.28236762831347,934.1853870160891,0.012626582756638527,41.57896379553256,937.7948753081918,0.027790257707238197
96,142.3326380834762,887.8394616429105,0.9997108578681946,354.22001426344633,908.0766751044872,0.9998418092727661,279.64922631791956,923.8033946195625,0.009438478387892246,145.83183721993268,899.842886836629,0.02550819329917431
97,5.789299462328054,905.3855501038097,0.9994822144508362,383.7821583953135,889.7043009342999,0.999861478805542,184.02947011871237,904.5621217631798,0.007048707455396652,185.16390131812383,868.7815578736167,0.019328981637954712
98,94.38475698845707,887.7328175661718,0.9991102814674377,405.2031897099954,887.9949708308114,0.9982566237449646,163.6455043036741,902.171895673285,0.02039022371172905,152.98526905130987,869.8702403080002,0.021073559299111366
99,153.53178483162858,876.9703682414562,0.9996428489685059,412.61609452339695,890.9804094689564,0.9942796230316162,270.97029950279233,906.4243424756118,0.017600934952497482,83.38667023892788,904.5022596288123,0.041805118322372437
100,106.60401172730101,880.7232230178522,0.9998461008071899,420.6171087326941,890.8685309104555,0.9989327788352966,271.86914026564915,898.464580512855,0.024290749803185463,220.40523187734485,868.1388746202734,0.03264699876308441
101,175.6815091951416,890.8951885638852,0.999221682548523,426.69114619733,882.9814547141445,0.9991331696510315,355.7167879901655,895.8797205314878,0.016272520646452904,365.6283469134927,888.9518349685922,0.028777334839105606
102,188.74547559593935,904.4200053241289,0.9999055862426758,435.18518619907735,872.5639278640979,0.9995917677879333,377.1842405046311,896.3966677576198,0.02072099782526493,400.11014553799333,888.3663174207232,0.020903779193758965
103,191.04632773171218,912.8554965617222,0.9999328851699829,448.15810488013636,860.4738482647866,0.9976358413696289,389.69554556010485,882.1885109873878,0.019709737971425056,215.9008934421713,862.4497146747691,0.02336730994284153
104,233.84191294467345,910.3661105616892,0.9999432563781738,458.88129819882914,856.2529778060888,0.9990424513816833,408.47338253693107,881.7825593938626,0.02143925055861473,274.5928763089379,901.8796235408369,0.02183753252029419
105,237.49610678264847,903.4891303912683,0.9998613595962524,466.5731856138734,860.5907028656746,0.9994364380836487,418.34455912547,883.6610310879241,0.013391966931521893,349.9657669115575,885.1384678414162,0.019018758088350296
106,244.01172608879097,901.3925594919257,0.9998446702957153,472.676171559569,870.6489197763451,0.9990653395652771,432.99986150698965,879.5223904799745,0.01465802825987339,377.77059191864475,873.0380956475511,0.020616887137293816
107,272.48222488646695,906.782965414879,0.9997726082801819,474.0026551928779,879.827458844582,0.9995893836021423,439.2057177049694,880.908924048734,0.01389230228960514,309.209895375563,896.1506217677837,0.03840993717312813
108,272.4582492180083,911.39071848748,0.9998894929885864,473.58521657213345,870.7614042856375,0.9993681311607361,445.210425552766,876.9442661845771,0.010487363673746586,262.70008626337966,911.1311860618449,0.023322876542806625
109,270.5769340096309,897.358529027479,0.9999524354934692,465.6254119222701,849.5169180922007,0.9997565150260925,442.4776418568286,864.0975003761281,0.010832908563315868,352.72759927585,879.5286917229272,0.024121064692735672
110,279.5616637986113,865.7414211692021,0.9998846054077148,451.6226871690153,821.5288682193889,0.9998725652694702,357.77173751174473,868.798615383834,0.009824219159781933,363.70324679754964,799.9531418808398,0.020073143765330315
111,274.232318072777,830.2318459564558,0.9999383687973022,436.7994975713906,788.5645438292725,0.998591959476471,416.8471779003131,829.0723760424993,0.010953722521662712,336.58244112495674,837.0011109558181,0.023643696680665016
112,272.6296882256675,801.0585185418848,0.9995601773262024,418.8133133397813,764.9622167120134,0.9995842576026917,322.0779911947618,833.2505633078385,0.011218538507819176,298.0033841745725,781.9832345520284,0.01732727326452732
113,272.7024443374024,779.7966141182484,0.9987668991088867,405.1952543769067,744.171661344498,0.9999254941940308,378.0765970645276,802.2922058556811,0.01241155806928873,317.7006015096919,797.5267842884313,0.018401075154542923
114,266.4210135036903,760.1973319643716,0.9992747902870178,391.75568818969333,727.2860278608756,0.9993023872375488,387.27639832428594,775.3959297467833,0.1084052175283432,273.3010380031315,740.5763542122899,0.016074469313025475
115,265.91575676860265,743.129969203786,0.9998481273651123,379.8157857851805,711.9355358593285,0.998497486114502,423.93068546728045,1058.42563602554,0.07516983896493912,233.48967539907503,751.5719052880974,0.012769704684615135
116,272.3073357177303,732.5170692863237,0.9998739957809448,376.6944146302988,706.412431004033,0.9985256791114807,479.62589424832026,1051.8677316132162,0.014508773572742939,267.6308953509272,738.5382972386228,0.010847792960703373
117,277.53091998993085,733.5739691249277,0.9999265670776367,380.7588889275953,709.3943795474672,0.999884843826294,457.86663259434846,1000.2834733060076,0.011428817175328732,314.2605591211136,735.512148298614,0.02248542755842209
118,271.5574933386428,745.0981865882816,0.9993399977684021,383.10272079952944,720.3400210892479,0.999360978603363,449.42104350311394,797.0859481908464,0.011057039722800255,316.8708429827826,721.3594497939873,0.01799517497420311
119,266.7078082140823,758.8359199422863,0.9986943602561951,382.08948281224184,727.2039986037872,0.9994058609008789,394.7429358117643,758.3311752700951,0.012759698554873466,316.3196818627347,743.2547074093056,0.016626926138997078
120,271.0745344538319,764.8138153418269,0.9984604120254517,382.98193357099007,727.2119053097573,0.9997021555900574,403.9443488604287,834.4893022113974,0.010563569143414497,294.5734211536302,767.1829695311635,0.012788797728717327
121,282.4375346786535,763.8713053633716,0.9982022047042847,388.1452517880801,726.8844912808244,0.9992577433586121,417.02852543276214,1015.9449790265213,0.011164519935846329,295.014686204435,751.0037847334975,0.01905742660164833
122,291.9131203054914,760.7628351234644,0.9992770552635193,398.2770917560665,719.2456405971429,0.9979684948921204,368.96933861628844,853.8905550893467,0.020373249426484108,273.6854544252986,753.2227979550261,0.028652328997850418
123,306.08397612231164,755.7538345013214,0.9939919114112854,413.20037743918857,709.716777243912,0.9990823268890381,387.01169781063174,716.3832835874562,0.009448148310184479,283.72976945878753,748.9683598739409,0.017254643142223358
124,308.6839545899451,752.828122512307,0.9816575050354004,423.3785467289463,709.7255398015714,0.9983312487602234,364.6359150347011,852.1022062860802,0.015388661064207554,327.94801435697906,747.4851226412949,0.020637284964323044
125,313.6429789209977,759.0731825937643,0.9918828010559082,434.4897851688102,714.1834690354627,0.9992619156837463,318.08829355327043,774.8623433361832,0.011075042188167572,339.60354849709057,769.9302400648529,0.023763027042150497
126,318.8999000062429,769.8724122658922,0.9935736060142517,447.43367204320566,714.6736459462546,0.999896764755249,358.7561751853159,827.0449091258115,0.010266905650496483,308.81375262112834,758.2963724717009,0.014093801379203796
127,305.53483524066644,778.3270488717703,0.992358386516571,456.0834894692675,720.8982328508646,0.9999395608901978,296.99793072746553,772.5839432631327,0.02615433931350708,297.47803805740244,779.6113435266506,0.031142398715019226
128,299.0764382171761,786.750059828107,0.9896270036697388,458.1579054094112,722.3370627778602,0.9999490976333618,336.79892326720244,830.382413656133,0.015199994668364525,322.4001261690554,775.2352487842846,0.03361019119620323
129,319.9822872908739,794.0761917685197,0.9883163571357727,471.35561891661047,728.9659889209412,0.9999442100524902,300.4523797419961,779.739114082684,0.023435095325112343,332.6789189281966,790.0557380222873,0.0687623992562294
130,318.9270815882022,803.9072277943899,0.9935781955718994,483.0525777442106,740.2348877131354,0.9999325275421143,331.0734947176194,825.1919779537086,0.012090357020497322,310.067292401368,802.1857635320794,0.05656348913908005
131,301.74627433057896,820.6714342180467,0.9797523021697998,486.9525284590228,748.8873274899976,0.9998188614845276,300.8928949987537,799.8038379528896,0.018913762643933296,296.87452304744863,815.5096111909075,0.07810940593481064
132,307.4486291817833,830.2184479667937,0.989094078540802,490.8583146921363,732.4642201288277,0.9995244741439819,326.1477785516828,834.9023010795299,0.008465676568448544,318.16263458107403,806.2375252320955,0.08543072640895844
133,338.2453778849739,818.2708680000393,0.9673576354980469,505.0431389899976,711.198137321596,0.9997836947441101,311.46411282261437,785.1511785675675,0.021138913929462433,340.56272307144036,796.7737376985639,0.0973493680357933
134,332.35771835776706,805.6870378877675,0.9840154647827148,513.209858975911,702.602070460878,0.9999741315841675,330.4302563604026,822.4225213979335,0.015828795731067657,333.640576552651,812.6297425301158,0.04286420717835426
135,314.7367456959202,809.6022153322992,0.9881248474121094,508.6080567671865,700.3730424648318,0.999836802482605,313.2943013704207,800.0182786846871,0.01769302785396576,323.8958278874508,800.4385848613954,0.04059941694140434
136,325.0213711231579,815.7107335941893,0.9837778806686401,501.18231416619244,692.3885249240725,0.9998471736907959,324.64400960540854,820.1735361302898,0.015367137268185616,336.2836268903211,805.5100124545535,0.1730026751756668
137,320.7306454855796,811.9358327558458,0.9856660962104797,493.72518919547974,692.2899694640442,0.9998618364334106,311.5928463709478,795.9906656458311,0.012257031165063381,343.929379630271,798.6972881448227,0.10676875710487366
138,315.6427938524605,805.5136906402587,0.9862822890281677,486.9147246906995,688.0997161358198,0.9999557733535767,316.95286347572267,810.4501272585236,0.011888929642736912,323.6625347403211,803.0042538125753,0.11183489114046097
139,300.539344489148,805.7782883196693,0.0,478.36455590866365,692.5357512114267,0.0,304.10247568945977,803.091283844088,0.0,305.24680862494364,803.78246315848,0.0
